feature,dtype,n_unique,pct_missing,special,description
SK_ID_CURR,int64,307511,0.0,,ID of loan in our sample
TARGET,int64,2,0.0,,"Target variable (1 - client with payment difficulties: he/she had late payment more than X days on at least one of the first Y installments of the loan in our sample, 0 - all other cases)"
NAME_CONTRACT_TYPE,str,2,0.0,,Identification if loan is cash or revolving
CODE_GENDER,str,3,0.0,,Gender of the client
FLAG_OWN_CAR,str,2,0.0,,Flag if the client owns a car
FLAG_OWN_REALTY,str,2,0.0,,Flag if client owns a house or flat
CNT_CHILDREN,int64,15,0.0,,Number of children the client has
AMT_INCOME_TOTAL,float64,2548,0.0,,Income of the client
AMT_CREDIT,float64,5603,0.0,,Credit amount of the loan
AMT_ANNUITY,float64,13672,0.0,,Loan annuity
AMT_GOODS_PRICE,float64,1002,0.09,,For consumer loans it is the price of the goods for which the loan is given
NAME_TYPE_SUITE,str,7,0.42,,Who was accompanying client when he was applying for the loan
NAME_INCOME_TYPE,str,8,0.0,,"Clients income type (businessman, working, maternity leave,)"
NAME_EDUCATION_TYPE,str,5,0.0,,Level of highest education the client achieved
NAME_FAMILY_STATUS,str,6,0.0,,Family status of the client
NAME_HOUSING_TYPE,str,6,0.0,,"What is the housing situation of the client (renting, living with parents, ...)"
REGION_POPULATION_RELATIVE,float64,81,0.0,normalized ,Normalized population of region where client lives (higher number means the client lives in more populated region)
DAYS_BIRTH,int64,17460,0.0,time only relative to the application,Client's age in days at the time of application
DAYS_EMPLOYED,int64,12574,0.0,time only relative to the application,How many days before the application the person started current employment
DAYS_REGISTRATION,float64,15688,0.0,time only relative to the application,How many days before the application did client change his registration
DAYS_ID_PUBLISH,int64,6168,0.0,time only relative to the application,How many days before the application did client change the identity document with which he applied for the loan
OWN_CAR_AGE,float64,62,65.99,,Age of client's car
FLAG_MOBIL,int64,2,0.0,,"Did client provide mobile phone (1=YES, 0=NO)"
FLAG_EMP_PHONE,int64,2,0.0,,"Did client provide work phone (1=YES, 0=NO)"
FLAG_WORK_PHONE,int64,2,0.0,,"Did client provide home phone (1=YES, 0=NO)"
FLAG_CONT_MOBILE,int64,2,0.0,,"Was mobile phone reachable (1=YES, 0=NO)"
FLAG_PHONE,int64,2,0.0,,"Did client provide home phone (1=YES, 0=NO)"
FLAG_EMAIL,int64,2,0.0,,"Did client provide email (1=YES, 0=NO)"
OCCUPATION_TYPE,str,18,31.35,,What kind of occupation does the client have
CNT_FAM_MEMBERS,float64,17,0.0,,How many family members does client have
REGION_RATING_CLIENT,int64,3,0.0,,"Our rating of the region where client lives (1,2,3)"
REGION_RATING_CLIENT_W_CITY,int64,3,0.0,,"Our rating of the region where client lives with taking city into account (1,2,3)"
WEEKDAY_APPR_PROCESS_START,str,7,0.0,,On which day of the week did the client apply for the loan
HOUR_APPR_PROCESS_START,int64,24,0.0,rounded,Approximately at what hour did the client apply for the loan
REG_REGION_NOT_LIVE_REGION,int64,2,0.0,,"Flag if client's permanent address does not match contact address (1=different, 0=same, at region level)"
REG_REGION_NOT_WORK_REGION,int64,2,0.0,,"Flag if client's permanent address does not match work address (1=different, 0=same, at region level)"
LIVE_REGION_NOT_WORK_REGION,int64,2,0.0,,"Flag if client's contact address does not match work address (1=different, 0=same, at region level)"
REG_CITY_NOT_LIVE_CITY,int64,2,0.0,,"Flag if client's permanent address does not match contact address (1=different, 0=same, at city level)"
REG_CITY_NOT_WORK_CITY,int64,2,0.0,,"Flag if client's permanent address does not match work address (1=different, 0=same, at city level)"
LIVE_CITY_NOT_WORK_CITY,int64,2,0.0,,"Flag if client's contact address does not match work address (1=different, 0=same, at city level)"
ORGANIZATION_TYPE,str,58,0.0,,Type of organization where client works
EXT_SOURCE_1,float64,114584,56.38,normalized,Normalized score from external data source
EXT_SOURCE_2,float64,119831,0.21,normalized,Normalized score from external data source
EXT_SOURCE_3,float64,814,19.83,normalized,Normalized score from external data source
APARTMENTS_AVG,float64,2339,50.75,normalized,"Normalized information about building where the client lives, What is average (_AVG suffix), modus (_MODE suffix), median (_MEDI suffix) apartment size, common area, living area, age of building, number of elevators, number of entrances, state of the building, number of floor"
BASEMENTAREA_AVG,float64,3780,58.52,normalized,"Normalized information about building where the client lives, What is average (_AVG suffix), modus (_MODE suffix), median (_MEDI suffix) apartment size, common area, living area, age of building, number of elevators, number of entrances, state of the building, number of floor"
YEARS_BEGINEXPLUATATION_AVG,float64,285,48.78,normalized,"Normalized information about building where the client lives, What is average (_AVG suffix), modus (_MODE suffix), median (_MEDI suffix) apartment size, common area, living area, age of building, number of elevators, number of entrances, state of the building, number of floor"
YEARS_BUILD_AVG,float64,149,66.5,normalized,"Normalized information about building where the client lives, What is average (_AVG suffix), modus (_MODE suffix), median (_MEDI suffix) apartment size, common area, living area, age of building, number of elevators, number of entrances, state of the building, number of floor"
COMMONAREA_AVG,float64,3181,69.87,normalized,"Normalized information about building where the client lives, What is average (_AVG suffix), modus (_MODE suffix), median (_MEDI suffix) apartment size, common area, living area, age of building, number of elevators, number of entrances, state of the building, number of floor"
ELEVATORS_AVG,float64,257,53.3,normalized,"Normalized information about building where the client lives, What is average (_AVG suffix), modus (_MODE suffix), median (_MEDI suffix) apartment size, common area, living area, age of building, number of elevators, number of entrances, state of the building, number of floor"
ENTRANCES_AVG,float64,285,50.35,normalized,"Normalized information about building where the client lives, What is average (_AVG suffix), modus (_MODE suffix), median (_MEDI suffix) apartment size, common area, living area, age of building, number of elevators, number of entrances, state of the building, number of floor"
FLOORSMAX_AVG,float64,403,49.76,normalized,"Normalized information about building where the client lives, What is average (_AVG suffix), modus (_MODE suffix), median (_MEDI suffix) apartment size, common area, living area, age of building, number of elevators, number of entrances, state of the building, number of floor"
FLOORSMIN_AVG,float64,305,67.85,normalized,"Normalized information about building where the client lives, What is average (_AVG suffix), modus (_MODE suffix), median (_MEDI suffix) apartment size, common area, living area, age of building, number of elevators, number of entrances, state of the building, number of floor"
LANDAREA_AVG,float64,3527,59.38,normalized,"Normalized information about building where the client lives, What is average (_AVG suffix), modus (_MODE suffix), median (_MEDI suffix) apartment size, common area, living area, age of building, number of elevators, number of entrances, state of the building, number of floor"
LIVINGAPARTMENTS_AVG,float64,1868,68.35,normalized,"Normalized information about building where the client lives, What is average (_AVG suffix), modus (_MODE suffix), median (_MEDI suffix) apartment size, common area, living area, age of building, number of elevators, number of entrances, state of the building, number of floor"
LIVINGAREA_AVG,float64,5199,50.19,normalized,"Normalized information about building where the client lives, What is average (_AVG suffix), modus (_MODE suffix), median (_MEDI suffix) apartment size, common area, living area, age of building, number of elevators, number of entrances, state of the building, number of floor"
NONLIVINGAPARTMENTS_AVG,float64,386,69.43,normalized,"Normalized information about building where the client lives, What is average (_AVG suffix), modus (_MODE suffix), median (_MEDI suffix) apartment size, common area, living area, age of building, number of elevators, number of entrances, state of the building, number of floor"
NONLIVINGAREA_AVG,float64,3290,55.18,normalized,"Normalized information about building where the client lives, What is average (_AVG suffix), modus (_MODE suffix), median (_MEDI suffix) apartment size, common area, living area, age of building, number of elevators, number of entrances, state of the building, number of floor"
APARTMENTS_MODE,float64,760,50.75,normalized,"Normalized information about building where the client lives, What is average (_AVG suffix), modus (_MODE suffix), median (_MEDI suffix) apartment size, common area, living area, age of building, number of elevators, number of entrances, state of the building, number of floor"
BASEMENTAREA_MODE,float64,3841,58.52,normalized,"Normalized information about building where the client lives, What is average (_AVG suffix), modus (_MODE suffix), median (_MEDI suffix) apartment size, common area, living area, age of building, number of elevators, number of entrances, state of the building, number of floor"
YEARS_BEGINEXPLUATATION_MODE,float64,221,48.78,normalized,"Normalized information about building where the client lives, What is average (_AVG suffix), modus (_MODE suffix), median (_MEDI suffix) apartment size, common area, living area, age of building, number of elevators, number of entrances, state of the building, number of floor"
YEARS_BUILD_MODE,float64,154,66.5,normalized,"Normalized information about building where the client lives, What is average (_AVG suffix), modus (_MODE suffix), median (_MEDI suffix) apartment size, common area, living area, age of building, number of elevators, number of entrances, state of the building, number of floor"
COMMONAREA_MODE,float64,3128,69.87,normalized,"Normalized information about building where the client lives, What is average (_AVG suffix), modus (_MODE suffix), median (_MEDI suffix) apartment size, common area, living area, age of building, number of elevators, number of entrances, state of the building, number of floor"
ELEVATORS_MODE,float64,26,53.3,normalized,"Normalized information about building where the client lives, What is average (_AVG suffix), modus (_MODE suffix), median (_MEDI suffix) apartment size, common area, living area, age of building, number of elevators, number of entrances, state of the building, number of floor"
ENTRANCES_MODE,float64,30,50.35,normalized,"Normalized information about building where the client lives, What is average (_AVG suffix), modus (_MODE suffix), median (_MEDI suffix) apartment size, common area, living area, age of building, number of elevators, number of entrances, state of the building, number of floor"
FLOORSMAX_MODE,float64,25,49.76,normalized,"Normalized information about building where the client lives, What is average (_AVG suffix), modus (_MODE suffix), median (_MEDI suffix) apartment size, common area, living area, age of building, number of elevators, number of entrances, state of the building, number of floor"
FLOORSMIN_MODE,float64,25,67.85,normalized,"Normalized information about building where the client lives, What is average (_AVG suffix), modus (_MODE suffix), median (_MEDI suffix) apartment size, common area, living area, age of building, number of elevators, number of entrances, state of the building, number of floor"
LANDAREA_MODE,float64,3563,59.38,normalized,"Normalized information about building where the client lives, What is average (_AVG suffix), modus (_MODE suffix), median (_MEDI suffix) apartment size, common area, living area, age of building, number of elevators, number of entrances, state of the building, number of floor"
LIVINGAPARTMENTS_MODE,float64,736,68.35,normalized,"Normalized information about building where the client lives, What is average (_AVG suffix), modus (_MODE suffix), median (_MEDI suffix) apartment size, common area, living area, age of building, number of elevators, number of entrances, state of the building, number of floor"
LIVINGAREA_MODE,float64,5301,50.19,normalized,"Normalized information about building where the client lives, What is average (_AVG suffix), modus (_MODE suffix), median (_MEDI suffix) apartment size, common area, living area, age of building, number of elevators, number of entrances, state of the building, number of floor"
NONLIVINGAPARTMENTS_MODE,float64,167,69.43,normalized,"Normalized information about building where the client lives, What is average (_AVG suffix), modus (_MODE suffix), median (_MEDI suffix) apartment size, common area, living area, age of building, number of elevators, number of entrances, state of the building, number of floor"
NONLIVINGAREA_MODE,float64,3327,55.18,normalized,"Normalized information about building where the client lives, What is average (_AVG suffix), modus (_MODE suffix), median (_MEDI suffix) apartment size, common area, living area, age of building, number of elevators, number of entrances, state of the building, number of floor"
APARTMENTS_MEDI,float64,1148,50.75,normalized,"Normalized information about building where the client lives, What is average (_AVG suffix), modus (_MODE suffix), median (_MEDI suffix) apartment size, common area, living area, age of building, number of elevators, number of entrances, state of the building, number of floor"
BASEMENTAREA_MEDI,float64,3772,58.52,normalized,"Normalized information about building where the client lives, What is average (_AVG suffix), modus (_MODE suffix), median (_MEDI suffix) apartment size, common area, living area, age of building, number of elevators, number of entrances, state of the building, number of floor"
YEARS_BEGINEXPLUATATION_MEDI,float64,245,48.78,normalized,"Normalized information about building where the client lives, What is average (_AVG suffix), modus (_MODE suffix), median (_MEDI suffix) apartment size, common area, living area, age of building, number of elevators, number of entrances, state of the building, number of floor"
YEARS_BUILD_MEDI,float64,151,66.5,normalized,"Normalized information about building where the client lives, What is average (_AVG suffix), modus (_MODE suffix), median (_MEDI suffix) apartment size, common area, living area, age of building, number of elevators, number of entrances, state of the building, number of floor"
COMMONAREA_MEDI,float64,3202,69.87,normalized,"Normalized information about building where the client lives, What is average (_AVG suffix), modus (_MODE suffix), median (_MEDI suffix) apartment size, common area, living area, age of building, number of elevators, number of entrances, state of the building, number of floor"
ELEVATORS_MEDI,float64,46,53.3,normalized,"Normalized information about building where the client lives, What is average (_AVG suffix), modus (_MODE suffix), median (_MEDI suffix) apartment size, common area, living area, age of building, number of elevators, number of entrances, state of the building, number of floor"
ENTRANCES_MEDI,float64,46,50.35,normalized,"Normalized information about building where the client lives, What is average (_AVG suffix), modus (_MODE suffix), median (_MEDI suffix) apartment size, common area, living area, age of building, number of elevators, number of entrances, state of the building, number of floor"
FLOORSMAX_MEDI,float64,49,49.76,normalized,"Normalized information about building where the client lives, What is average (_AVG suffix), modus (_MODE suffix), median (_MEDI suffix) apartment size, common area, living area, age of building, number of elevators, number of entrances, state of the building, number of floor"
FLOORSMIN_MEDI,float64,47,67.85,normalized,"Normalized information about building where the client lives, What is average (_AVG suffix), modus (_MODE suffix), median (_MEDI suffix) apartment size, common area, living area, age of building, number of elevators, number of entrances, state of the building, number of floor"
LANDAREA_MEDI,float64,3560,59.38,normalized,"Normalized information about building where the client lives, What is average (_AVG suffix), modus (_MODE suffix), median (_MEDI suffix) apartment size, common area, living area, age of building, number of elevators, number of entrances, state of the building, number of floor"
LIVINGAPARTMENTS_MEDI,float64,1097,68.35,normalized,"Normalized information about building where the client lives, What is average (_AVG suffix), modus (_MODE suffix), median (_MEDI suffix) apartment size, common area, living area, age of building, number of elevators, number of entrances, state of the building, number of floor"
LIVINGAREA_MEDI,float64,5281,50.19,normalized,"Normalized information about building where the client lives, What is average (_AVG suffix), modus (_MODE suffix), median (_MEDI suffix) apartment size, common area, living area, age of building, number of elevators, number of entrances, state of the building, number of floor"
NONLIVINGAPARTMENTS_MEDI,float64,214,69.43,normalized,"Normalized information about building where the client lives, What is average (_AVG suffix), modus (_MODE suffix), median (_MEDI suffix) apartment size, common area, living area, age of building, number of elevators, number of entrances, state of the building, number of floor"
NONLIVINGAREA_MEDI,float64,3323,55.18,normalized,"Normalized information about building where the client lives, What is average (_AVG suffix), modus (_MODE suffix), median (_MEDI suffix) apartment size, common area, living area, age of building, number of elevators, number of entrances, state of the building, number of floor"
FONDKAPREMONT_MODE,str,4,68.39,normalized,"Normalized information about building where the client lives, What is average (_AVG suffix), modus (_MODE suffix), median (_MEDI suffix) apartment size, common area, living area, age of building, number of elevators, number of entrances, state of the building, number of floor"
HOUSETYPE_MODE,str,3,50.18,normalized,"Normalized information about building where the client lives, What is average (_AVG suffix), modus (_MODE suffix), median (_MEDI suffix) apartment size, common area, living area, age of building, number of elevators, number of entrances, state of the building, number of floor"
TOTALAREA_MODE,float64,5116,48.27,normalized,"Normalized information about building where the client lives, What is average (_AVG suffix), modus (_MODE suffix), median (_MEDI suffix) apartment size, common area, living area, age of building, number of elevators, number of entrances, state of the building, number of floor"
WALLSMATERIAL_MODE,str,7,50.84,normalized,"Normalized information about building where the client lives, What is average (_AVG suffix), modus (_MODE suffix), median (_MEDI suffix) apartment size, common area, living area, age of building, number of elevators, number of entrances, state of the building, number of floor"
EMERGENCYSTATE_MODE,str,2,47.4,normalized,"Normalized information about building where the client lives, What is average (_AVG suffix), modus (_MODE suffix), median (_MEDI suffix) apartment size, common area, living area, age of building, number of elevators, number of entrances, state of the building, number of floor"
OBS_30_CNT_SOCIAL_CIRCLE,float64,33,0.33,,How many observation of client's social surroundings with observable 30 DPD (days past due) default
DEF_30_CNT_SOCIAL_CIRCLE,float64,10,0.33,,How many observation of client's social surroundings defaulted on 30 DPD (days past due) 
OBS_60_CNT_SOCIAL_CIRCLE,float64,33,0.33,,How many observation of client's social surroundings with observable 60 DPD (days past due) default
DEF_60_CNT_SOCIAL_CIRCLE,float64,9,0.33,,How many observation of client's social surroundings defaulted on 60 (days past due) DPD
DAYS_LAST_PHONE_CHANGE,float64,3773,0.0,,How many days before application did client change phone
FLAG_DOCUMENT_2,int64,2,0.0,,Did client provide document 2
FLAG_DOCUMENT_3,int64,2,0.0,,Did client provide document 3
FLAG_DOCUMENT_4,int64,2,0.0,,Did client provide document 4
FLAG_DOCUMENT_5,int64,2,0.0,,Did client provide document 5
FLAG_DOCUMENT_6,int64,2,0.0,,Did client provide document 6
FLAG_DOCUMENT_7,int64,2,0.0,,Did client provide document 7
FLAG_DOCUMENT_8,int64,2,0.0,,Did client provide document 8
FLAG_DOCUMENT_9,int64,2,0.0,,Did client provide document 9
FLAG_DOCUMENT_10,int64,2,0.0,,Did client provide document 10
FLAG_DOCUMENT_11,int64,2,0.0,,Did client provide document 11
FLAG_DOCUMENT_12,int64,2,0.0,,Did client provide document 12
FLAG_DOCUMENT_13,int64,2,0.0,,Did client provide document 13
FLAG_DOCUMENT_14,int64,2,0.0,,Did client provide document 14
FLAG_DOCUMENT_15,int64,2,0.0,,Did client provide document 15
FLAG_DOCUMENT_16,int64,2,0.0,,Did client provide document 16
FLAG_DOCUMENT_17,int64,2,0.0,,Did client provide document 17
FLAG_DOCUMENT_18,int64,2,0.0,,Did client provide document 18
FLAG_DOCUMENT_19,int64,2,0.0,,Did client provide document 19
FLAG_DOCUMENT_20,int64,2,0.0,,Did client provide document 20
FLAG_DOCUMENT_21,int64,2,0.0,,Did client provide document 21
AMT_REQ_CREDIT_BUREAU_HOUR,float64,5,13.5,,Number of enquiries to Credit Bureau about the client one hour before application
AMT_REQ_CREDIT_BUREAU_DAY,float64,9,13.5,,Number of enquiries to Credit Bureau about the client one day before application (excluding one hour before application)
AMT_REQ_CREDIT_BUREAU_WEEK,float64,9,13.5,,Number of enquiries to Credit Bureau about the client one week before application (excluding one day before application)
AMT_REQ_CREDIT_BUREAU_MON,float64,24,13.5,,Number of enquiries to Credit Bureau about the client one month before application (excluding one week before application)
AMT_REQ_CREDIT_BUREAU_QRT,float64,11,13.5,,Number of enquiries to Credit Bureau about the client 3 month before application (excluding one month before application)
AMT_REQ_CREDIT_BUREAU_YEAR,float64,25,13.5,,Number of enquiries to Credit Bureau about the client one day year (excluding last 3 months before application)
